event,tick
first_cross,13
first_cross,11
first_cross,5
first_cross,13
first_cross,29
first_cross,27
first_cross,24
first_cross,28
first_cross,32
first_cross,23
first_cross,23
first_cross,20
first_cross,11
first_cross,16
first_cross,18
first_cross,29
first_cross,28
first_cross,3
first_cross,13
first_cross,27
first_cross,37
first_cross,13
first_cross,3
first_cross,43
first_cross,8
first_cross,16
first_cross,13
first_cross,12
first_cross,28
first_cross,17
first_cross,40
first_cross,35
first_cross,16
first_cross,19
first_cross,16
first_cross,14
first_cross,11
first_cross,16
first_cross,20
first_cross,18
first_cross,7
first_cross,19
first_cross,25
first_cross,4
first_cross,31
first_cross,11
first_cross,6
first_cross,26
first_cross,14
first_cross,22
first_cross,3
first_cross,7
first_cross,4
first_cross,13
first_cross,12
first_cross,22
first_cross,18
first_cross,29
first_cross,31
first_cross,23
first_cross,8
first_cross,9
first_cross,19
first_cross,22
first_cross,6
first_cross,11
first_cross,20
first_cross,25
first_cross,18
first_cross,26
first_cross,20
first_cross,20
first_cross,17
first_cross,5
first_cross,15
first_cross,19
first_cross,14
first_cross,5
first_cross,23
first_cross,2
first_cross,16
first_cross,6
first_cross,16
first_cross,14
first_cross,18
first_cross,11
first_cross,21
first_cross,7
first_cross,10
first_cross,26
first_cross,24
first_cross,7
first_cross,45
first_cross,28
first_cross,10
first_cross,15
first_cross,11
first_cross,12
first_cross,16
first_cross,13
first_cross,14
first_cross,32
first_cross,11
first_cross,26
first_cross,21
first_cross,18
first_cross,10
first_cross,18
first_cross,24
first_cross,9
first_cross,8
first_cross,22
first_cross,19
first_cross,26
first_cross,7
first_cross,27
first_cross,14
first_cross,21
first_cross,25
first_cross,19
first_cross,15
first_cross,24
first_cross,12
first_cross,21
first_cross,13
first_cross,4
first_cross,8
first_cross,7
first_cross,10
first_cross,24
first_cross,21
first_cross,24
first_cross,4
first_cross,23
first_cross,15
first_cross,2
first_cross,17
first_cross,25
first_cross,22
first_cross,23
first_cross,11
first_cross,30
first_cross,34
first_cross,22
first_cross,15
first_cross,17
first_cross,24
first_cross,10
first_cross,17
first_cross,16
first_cross,13
first_cross,19
first_cross,3
first_cross,25
first_cross,15
first_cross,16
first_cross,20
first_cross,40
first_cross,27
first_cross,9
first_cross,10
first_cross,28
first_cross,16
first_cross,16
first_cross,12
first_cross,24
first_cross,13
first_cross,10
first_cross,10
first_cross,13
first_cross,12
first_cross,16
first_cross,2
first_cross,27
first_cross,19
first_cross,27
first_cross,28
first_cross,7
first_cross,2
first_cross,4
first_cross,16
first_cross,11
first_cross,15
first_cross,9
first_cross,20
first_cross,8
first_cross,17
first_cross,5
first_cross,8
first_cross,13
first_cross,6
first_cross,21
first_cross,22
first_cross,27
first_cross,21
first_cross,10
first_cross,33
first_cross,6
first_cross,13
first_cross,26
first_cross,26
first_cross,13
first_cross,19
first_cross,18
first_cross,13
first_cross,28
first_cross,30
first_cross,8
first_cross,13
first_cross,0
first_cross,6
first_cross,11
first_cross,8
first_cross,2
first_cross,13
first_cross,5
first_cross,7
first_cross,18
first_cross,6
first_cross,15
first_cross,15
first_cross,8
first_cross,10
first_cross,4
first_cross,21
first_cross,5
first_cross,24
first_cross,34
first_cross,32
first_cross,22
first_cross,35
first_cross,18
first_cross,12
first_cross,6
first_cross,26
first_cross,13
first_cross,8
first_cross,14
first_cross,19
first_cross,19
first_cross,8
first_cross,18
first_cross,10
first_cross,7
first_cross,20
first_cross,22
first_cross,15
first_cross,22
first_cross,16
first_cross,12
first_cross,11
first_cross,15
first_cross,2
first_cross,14
first_cross,11
first_cross,16
first_cross,22
first_cross,23
first_cross,14
first_cross,19
first_cross,16
first_cross,18
first_cross,3
first_cross,28
first_cross,4
first_cross,16
first_cross,20
first_cross,27
first_cross,22
first_cross,10
first_cross,18
first_cross,27
first_cross,12
first_cross,29
first_cross,9
first_cross,22
first_cross,6
first_cross,9
first_cross,12
first_cross,13
first_cross,11
first_cross,18
first_cross,9
first_cross,10
first_cross,39
first_cross,41
first_cross,8
first_cross,22
first_cross,13
first_cross,18
first_cross,22
first_cross,29
first_cross,12
first_cross,10
first_cross,7
first_cross,5
first_cross,12
first_cross,5
first_cross,13
first_cross,9
first_cross,15
first_cross,9
first_cross,16
first_cross,29
first_cross,23
first_cross,6
first_cross,30
first_cross,33
first_cross,20
first_cross,8
first_cross,11
first_cross,7
first_cross,20
first_cross,25
first_cross,38
first_cross,23
first_cross,23
first_cross,14
first_cross,24
first_cross,26
first_cross,24
first_cross,16
first_cross,33
first_cross,31
first_cross,17
first_cross,14
first_cross,16
first_cross,8
first_cross,4
first_cross,10
first_cross,12
first_cross,11
first_cross,1
first_cross,13
first_cross,24
first_cross,16
first_cross,7
first_cross,3
first_cross,23
first_cross,33
first_cross,10
first_cross,23
first_cross,15
first_cross,12
first_cross,38
first_cross,12
first_cross,17
first_cross,10
first_cross,10
first_cross,30
first_cross,14
first_cross,16
first_cross,25
first_cross,35
first_cross,36
first_cross,19
first_cross,21
first_cross,5
first_cross,4
first_cross,1
first_cross,25
first_cross,32
first_cross,8
first_cross,16
first_cross,27
first_cross,10
first_cross,22
first_cross,33
first_cross,9
first_cross,10
first_cross,17
first_cross,25
first_cross,21
first_cross,39
first_cross,8
first_cross,20
first_cross,6
first_cross,27
first_cross,22
first_cross,24
first_cross,15
first_cross,21
first_cross,29
first_cross,14
first_cross,6
first_cross,12
first_cross,7
first_cross,13
first_cross,1
first_cross,1
first_cross,14
first_cross,33
first_cross,27
first_cross,23
first_cross,22
first_cross,12
first_cross,17
first_cross,16
first_cross,31
first_cross,22
first_cross,24
first_cross,9
first_cross,11
first_cross,18
first_cross,9
first_cross,18
first_cross,29
first_cross,24
first_cross,14
first_cross,6
first_cross,15
first_cross,4
first_cross,7
first_cross,18
first_cross,8
first_cross,18
first_cross,10
first_cross,30
first_cross,23
first_cross,3
first_cross,28
first_cross,0
first_cross,26
first_cross,37
first_cross,10
first_cross,19
first_cross,12
first_cross,11
first_cross,29
first_cross,17
first_cross,11
first_cross,22
first_cross,26
first_cross,11
first_cross,18
first_cross,20
first_cross,13
first_cross,24
first_cross,1
first_cross,8
first_cross,4
first_cross,27
first_cross,15
first_cross,26
first_cross,5
first_cross,3
first_cross,8
first_cross,21
first_cross,9
first_cross,30
first_cross,32
first_cross,22
first_cross,13
first_cross,17
first_cross,10
first_cross,12
first_cross,20
first_cross,26
first_cross,9
first_cross,30
first_cross,26
first_cross,8
first_cross,11
first_cross,33
first_cross,21
first_cross,2
first_cross,15
first_cross,0
first_cross,17
first_cross,14
first_cross,31
first_cross,15
first_cross,14
first_cross,11
first_cross,7
first_cross,20
first_cross,20
first_cross,14
first_cross,20
first_cross,26
first_cross,37
first_cross,41
first_cross,8
first_cross,16
first_cross,15
first_cross,7
first_cross,22
first_cross,18
first_cross,26
first_cross,16
first_cross,12
first_cross,29
first_cross,13
first_cross,24
first_cross,4
first_cross,27
first_cross,32
first_cross,38
first_cross,16
first_cross,26
first_cross,20
first_cross,12
first_cross,19
first_cross,4
first_cross,10
first_cross,20
first_cross,39
first_cross,18
first_cross,28
first_cross,19
first_cross,20
first_cross,31
first_cross,4
first_cross,44
first_cross,20
first_cross,5
first_cross,32
first_cross,25
first_cross,2
first_cross,17
first_cross,34
first_cross,29
first_cross,18
first_cross,43
first_cross,24
first_cross,50
first_cross,14
first_cross,11
first_cross,31
first_cross,27
first_cross,10
first_cross,13
first_cross,28
first_cross,13
first_cross,16
first_cross,20
first_cross,15
first_cross,23
first_cross,22
first_cross,20
first_cross,12
first_cross,17
first_cross,50
first_cross,3
first_cross,29
first_cross,9
first_cross,6
first_cross,22
first_cross,8
first_cross,13
first_cross,10
first_cross,13
first_cross,23
first_cross,14
first_cross,14
first_cross,29
first_cross,9
first_cross,26
first_cross,36
first_cross,23
first_cross,28
first_cross,14
first_cross,17
first_cross,0
first_cross,19
first_cross,18
first_cross,2
first_cross,12
first_cross,24
first_cross,35
first_cross,25
first_cross,41
first_cross,23
first_cross,2
first_cross,21
first_cross,18
first_cross,31
first_cross,14
first_cross,12
first_cross,31
first_cross,19
first_cross,4
first_cross,11
first_cross,24
first_cross,29
first_cross,6
first_cross,22
first_cross,39
first_cross,23
first_cross,13
first_cross,23
first_cross,21
first_cross,25
first_cross,22
first_cross,36
first_cross,44
first_cross,5
first_cross,17
first_cross,18
first_cross,2
first_cross,18
first_cross,16
first_cross,18
first_cross,16
first_cross,25
first_cross,37
first_cross,30
first_cross,20
first_cross,12
first_cross,2
first_cross,6
first_cross,19
first_cross,10
first_cross,13
first_cross,14
first_cross,24
first_cross,19
first_cross,4
first_cross,13
first_cross,27
first_cross,25
first_cross,14
first_cross,29
first_cross,16
first_cross,23
first_cross,3
first_cross,1
first_cross,12
first_cross,3
first_cross,7
first_cross,4
first_cross,15
first_cross,21
first_cross,26
first_cross,10
first_cross,8
first_cross,35
first_cross,22
first_cross,24
first_cross,28
first_cross,14
first_cross,10
first_cross,7
first_cross,25
first_cross,11
first_cross,6
first_cross,15
first_cross,10
first_cross,19
first_cross,15
first_cross,35
first_cross,21
first_cross,29
first_cross,26
first_cross,10
first_cross,25
first_cross,5
first_cross,34
first_cross,31
first_cross,28
first_cross,20
first_cross,6
first_cross,23
first_cross,4
first_cross,2
first_cross,10
first_cross,23
first_cross,13
first_cross,6
first_cross,11
first_cross,25
first_cross,29
first_cross,23
first_cross,21
first_cross,29
first_cross,9
first_cross,12
first_cross,6
first_cross,21
first_cross,13
first_cross,2
first_cross,21
first_cross,29
first_cross,21
first_cross,12
first_cross,20
first_cross,23
first_cross,7
first_cross,16
first_cross,27
first_cross,9
first_cross,12
first_cross,12
first_cross,15
first_cross,10
first_cross,35
first_cross,32
first_cross,28
first_cross,11
first_cross,28
first_cross,22
first_cross,33
first_cross,8
first_cross,3
first_cross,12
first_cross,32
first_cross,14
first_cross,3
first_cross,34
first_cross,9
first_cross,17
first_cross,26
first_cross,14
first_cross,5
first_cross,17
first_cross,22
first_cross,11
first_cross,9
first_cross,18
first_cross,1
first_cross,36
first_cross,11
first_cross,2
first_cross,15
first_cross,31
first_cross,27
first_cross,5
first_cross,7
first_cross,34
first_cross,29
first_cross,16
first_cross,22
first_cross,1
first_cross,10
first_cross,20
first_cross,16
first_cross,32
first_cross,29
first_cross,28
first_cross,35
first_cross,26
first_cross,23
first_cross,24
first_cross,6
first_cross,13
first_cross,17
first_cross,5
first_cross,23
first_cross,30
first_cross,29
first_cross,22
first_cross,26
first_cross,14
first_cross,23
first_cross,26
first_cross,25
first_cross,10
first_cross,4
first_cross,6
first_cross,17
first_cross,10
first_cross,21
first_cross,9
first_cross,6
first_cross,16
first_cross,23
first_cross,12
first_cross,16
first_cross,23
first_cross,23
first_cross,15
first_cross,15
first_cross,20
first_cross,22
first_cross,14
first_cross,41
first_cross,30
first_cross,0
first_cross,28
first_cross,20
first_cross,10
first_cross,6
first_cross,14
first_cross,9
first_cross,19
first_cross,9
first_cross,23
first_cross,17
first_cross,36
first_cross,24
first_cross,12
first_cross,36
first_cross,20
first_cross,9
first_cross,25
first_cross,36
first_cross,15
first_cross,5
first_cross,22
first_cross,24
first_cross,6
first_cross,21
first_cross,21
first_cross,34
first_cross,21
first_cross,23
first_cross,4
first_cross,10
first_cross,13
first_cross,16
first_cross,6
first_cross,14
first_cross,1
first_cross,20
first_cross,4
first_cross,12
first_cross,17
first_cross,19
first_cross,22
first_cross,20
first_cross,25
first_cross,19
first_cross,31
first_cross,15
first_cross,5
first_cross,9
first_cross,25
first_cross,14
first_cross,10
first_cross,12
first_cross,17
first_cross,32
first_cross,27
first_cross,14
first_cross,11
first_cross,12
first_cross,21
first_cross,24
first_cross,11
first_cross,20
first_cross,29
first_cross,5
first_cross,9
first_cross,20
first_cross,3
first_cross,6
first_cross,27
first_cross,4
first_cross,10
first_cross,27
first_cross,13
first_cross,12
first_cross,5
first_cross,14
first_cross,10
first_cross,10
first_cross,24
first_cross,3
first_cross,13
first_cross,29
first_cross,19
first_cross,23
first_cross,34
first_cross,27
first_cross,28
first_cross,13
first_cross,2
first_cross,7
first_cross,7
first_cross,18
first_cross,4
first_cross,9
first_cross,8
first_cross,14
first_cross,17
first_cross,23
first_cross,5
first_cross,23
first_cross,14
first_cross,31
first_cross,22
first_cross,26
first_cross,9
first_cross,13
first_cross,8
first_cross,28
first_cross,22
first_cross,10
first_cross,24
first_cross,17
first_cross,30
first_cross,20
first_cross,44
first_cross,15
first_cross,9
first_cross,6
first_cross,15
first_cross,13
first_cross,9
first_cross,9
first_cross,13
first_cross,8
first_cross,26
first_cross,17
first_cross,18
first_cross,24
first_cross,11
first_cross,19
first_cross,20
first_cross,11
first_cross,14
first_cross,28
first_cross,25
first_cross,4
first_cross,20
first_cross,13
first_cross,27
first_cross,26
first_cross,24
first_cross,45
first_cross,27
first_cross,32
first_cross,14
first_cross,24
first_cross,30
first_cross,4
first_cross,14
first_cross,30
first_cross,8
first_cross,18
first_cross,20
first_cross,17
first_cross,20
first_cross,15
first_cross,33
first_cross,52
first_cross,12
first_cross,21
first_cross,20
first_cross,15
first_cross,35
first_cross,42
first_cross,14
first_cross,11
first_cross,31
first_cross,14
first_cross,17
first_cross,38
first_cross,19
first_cross,20
first_cross,29
first_cross,15
first_cross,16
first_cross,7
first_cross,43
first_cross,20
first_cross,20
first_cross,14
first_cross,18
first_cross,31
first_cross,5
first_cross,11
first_cross,14
first_cross,26
first_cross,14
first_cross,19
first_cross,11
first_cross,2
first_cross,16
first_cross,12
first_cross,32
first_cross,6
first_cross,1
first_cross,12
first_cross,31
first_cross,12
first_cross,31
first_cross,41
first_cross,22
first_cross,27
first_cross,14
first_cross,22
first_cross,22
first_cross,27
first_cross,42
first_cross,5
first_cross,27
first_cross,34
first_cross,9
first_cross,29
first_cross,25
first_cross,24
first_cross,17
first_cross,24
first_cross,6
first_cross,16
first_cross,12
first_cross,7
first_cross,17
first_cross,7
first_cross,10
first_cross,4
first_cross,6
first_cross,12
first_cross,15
first_cross,13
first_cross,32
first_cross,16
first_cross,11
first_cross,19
first_cross,13
first_cross,12
first_cross,24
first_cross,16
first_cross,11
first_cross,22
first_cross,16
first_cross,3
first_cross,1
first_cross,5
first_cross,12
first_cross,37
first_cross,7
first_cross,12
first_cross,6
first_cross,12
first_cross,28
first_cross,15
first_cross,34
first_cross,24
first_cross,9
first_cross,19
first_cross,30
first_cross,20
first_cross,8
first_cross,12
first_cross,19
first_cross,17
first_cross,45
first_cross,14
first_cross,8
first_cross,13
first_cross,21
first_cross,27
first_cross,18
first_cross,17
first_cross,8
first_cross,21
first_cross,36
first_cross,12
first_cross,8
first_cross,31
first_cross,28
first_cross,22
first_cross,6
first_cross,3
first_cross,5
first_cross,23
first_cross,11
first_cross,31
first_cross,23
first_cross,1
first_cross,5
first_cross,37
first_cross,24
first_cross,31
first_cross,16
first_cross,11
first_cross,34
first_cross,30
first_cross,34
first_cross,29
first_cross,13
first_cross,18
first_cross,8
first_cross,42
first_cross,33
first_cross,24
first_cross,18
first_cross,12
first_cross,27
first_cross,13
first_cross,10
first_cross,18
first_cross,23
first_cross,15
first_cross,16
first_cross,25
first_cross,14
first_cross,21
first_cross,2
first_cross,8
first_cross,38
first_cross,37
first_cross,26
first_cross,50
first_cross,10
first_cross,11
first_cross,25
first_cross,5
first_cross,36
first_cross,22
first_cross,11
first_cross,17
first_cross,3
first_cross,18
first_cross,2
first_cross,16
first_cross,27
first_cross,4
first_cross,4
first_cross,20
first_cross,5
first_cross,15
first_cross,20
first_cross,1
first_cross,27
first_cross,23
first_cross,24
first_cross,34
first_cross,26
first_cross,8
first_cross,3
first_cross,23
first_cross,12
first_cross,23
first_cross,10
first_cross,28
first_cross,27
first_cross,10
first_cross,7
first_cross,14
first_cross,11
first_cross,10
first_cross,7
first_cross,2
first_cross,14
first_cross,19
first_cross,28
first_cross,9
first_cross,13
first_cross,27
first_cross,16
first_cross,9
first_cross,7
first_cross,8
first_cross,27
first_cross,10
first_cross,1
first_cross,30
first_cross,14
first_cross,11
first_cross,51
first_cross,20
first_cross,13
first_cross,17
first_cross,22
first_cross,9
first_cross,8
first_cross,13
first_cross,10
first_cross,13
first_cross,20
first_cross,23
first_cross,2
first_cross,8
first_cross,29
first_cross,10
first_cross,20
first_cross,10
first_cross,20
first_cross,22
first_cross,37
first_cross,6
first_cross,14
first_cross,21
first_cross,8
first_cross,10
first_cross,18
first_cross,18
first_cross,2
first_cross,22
first_cross,16
first_cross,8
first_cross,7
first_cross,11
first_cross,8
first_cross,27
first_cross,15
first_cross,28
first_cross,6
first_cross,6
first_cross,17
first_cross,16
first_cross,23
first_cross,39
first_cross,31
first_cross,20
first_cross,29
first_cross,36
first_cross,14
first_cross,3
first_cross,17
first_cross,12
first_cross,20
first_cross,33
first_cross,12
first_cross,11
first_cross,21
first_cross,20
first_cross,19
first_cross,18
first_cross,23
first_cross,8
first_cross,41
first_cross,13
first_cross,15
first_cross,10
first_cross,11
first_cross,12
first_cross,41
first_cross,20
first_cross,8
first_cross,20
first_cross,14
first_cross,17
first_cross,19
first_cross,7
first_cross,10
first_cross,14
first_cross,5
first_cross,25
first_cross,28
first_cross,10
first_cross,45
first_cross,4
first_cross,19
first_cross,16
first_cross,26
first_cross,37
first_cross,21
first_cross,23
first_cross,26
first_cross,28
first_cross,18
first_cross,24
first_cross,9
first_cross,21
first_cross,30
first_cross,20
first_cross,28
first_cross,7
first_cross,28
first_cross,14
first_cross,24
first_cross,24
first_cross,5
first_cross,15
first_cross,17
first_cross,3
first_cross,9
first_cross,12
first_cross,26
first_cross,18
first_cross,16
first_cross,15
first_cross,14
first_cross,11
first_cross,10
first_cross,9
first_cross,22
first_cross,30
first_cross,25
first_cross,29
first_cross,25
first_cross,4
first_cross,9
first_cross,28
first_cross,7
first_cross,7
first_cross,6
first_cross,24
first_cross,33
first_cross,23
first_cross,27
first_cross,20
first_cross,32
first_cross,15
first_cross,13
first_cross,22
first_cross,20
first_cross,21
first_cross,1
first_cross,1
first_cross,33
first_cross,10
first_cross,7
first_cross,27
first_cross,15
first_cross,18
first_cross,12
first_cross,16
first_cross,10
first_cross,20
first_cross,12
first_cross,21
first_cross,19
first_cross,19
first_cross,30
first_cross,9
first_cross,6
first_cross,38
first_cross,30
first_cross,34
first_cross,30
first_cross,20
first_cross,29
first_cross,26
first_cross,28
first_cross,11
first_cross,8
first_cross,24
first_cross,20
first_cross,35
first_cross,5
first_cross,19
first_cross,28
first_cross,15
first_cross,20
first_cross,30
first_cross,2
first_cross,18
first_cross,29
first_cross,22
first_cross,13
first_cross,17
first_cross,13
first_cross,34
first_cross,32
first_cross,22
first_cross,10
first_cross,23
first_cross,13
first_cross,6
first_cross,20
first_cross,24
first_cross,27
first_cross,16
first_cross,17
first_cross,9
first_cross,13
first_cross,15
first_cross,42
first_cross,2
first_cross,25
first_cross,30
first_cross,22
first_cross,18
first_cross,13
first_cross,12
first_cross,19
first_cross,12
first_cross,13
first_cross,16
first_cross,11
first_cross,19
first_cross,14
first_cross,4
first_cross,5
first_cross,45
first_cross,14
first_cross,9
first_cross,16
first_cross,5
first_cross,46
first_cross,26
first_cross,35
first_cross,7
first_cross,12
first_cross,22
first_cross,7
first_cross,16
first_cross,19
first_cross,11
first_cross,22
first_cross,26
first_cross,4
first_cross,1
first_cross,20
first_cross,21
first_cross,14
first_cross,10
first_cross,3
first_cross,13
first_cross,27
first_cross,12
first_cross,10
first_cross,21
first_cross,40
first_cross,27
first_cross,18
first_cross,22
first_cross,17
first_cross,20
first_cross,23
first_cross,22
first_cross,26
first_cross,17
first_cross,30
first_cross,22
first_cross,7
first_cross,29
first_cross,20
first_cross,24
first_cross,21
first_cross,10
first_cross,3
first_cross,14
first_cross,11
first_cross,6
first_cross,29
first_cross,30
first_cross,7
first_cross,19
first_cross,38
first_cross,29
first_cross,7
first_cross,9
first_cross,12
first_cross,30
first_cross,8
first_cross,9
first_cross,15
first_cross,3
first_cross,25
first_cross,13
first_cross,10
first_cross,19
first_cross,11
first_cross,34
first_cross,26
first_cross,25
first_cross,32
first_cross,32
first_cross,24
first_cross,1
first_cross,20
first_cross,22
first_cross,21
first_cross,6
first_cross,13
first_cross,16
first_cross,33
first_cross,9
first_cross,21
first_cross,6
first_cross,25
first_cross,35
first_cross,32
first_cross,20
first_cross,28
first_cross,27
first_cross,41
first_cross,17
first_cross,13
first_cross,20
first_cross,9
first_cross,10
first_cross,15
first_cross,21
first_cross,10
first_cross,19
first_cross,26
first_cross,18
first_cross,0
first_cross,10
first_cross,10
first_cross,13
first_cross,24
first_cross,14
first_cross,11
first_cross,18
first_cross,12
first_cross,15
first_cross,9
first_cross,26
first_cross,30
first_cross,9
first_cross,14
first_cross,26
first_cross,20
first_cross,13
first_cross,10
first_cross,9
first_cross,13
first_cross,20
first_cross,30
first_cross,18
first_cross,29
first_cross,12
first_cross,9
first_cross,23
first_cross,6
first_cross,28
first_cross,11
first_cross,30
first_cross,32
first_cross,20
first_cross,16
first_cross,29
first_cross,31
first_cross,2
first_cross,9
first_cross,1
first_cross,0
first_cross,14
first_cross,12
first_cross,23
first_cross,19
first_cross,10
first_cross,16
first_cross,30
first_cross,24
first_cross,30
first_cross,2
first_cross,14
first_cross,8
first_cross,16
first_cross,9
first_cross,6
first_cross,19
first_cross,24
first_cross,33
first_cross,9
first_cross,17
first_cross,16
first_cross,2
first_cross,23
first_cross,12
first_cross,27
first_cross,17
first_cross,16
first_cross,24
first_cross,9
first_cross,17
first_cross,31
first_cross,10
first_cross,21
first_cross,27
first_cross,17
first_cross,3
first_cross,27
first_cross,13
first_cross,6
first_cross,14
first_cross,19
first_cross,17
first_cross,13
first_cross,4
first_cross,25
first_cross,48
first_cross,22
first_cross,23
first_cross,11
first_cross,9
first_cross,20
first_cross,19
first_cross,3
first_cross,23
first_cross,11
first_cross,31
first_cross,44
first_cross,39
first_cross,44
first_cross,9
first_cross,30
first_cross,30
first_cross,9
first_cross,14
first_cross,25
first_cross,27
first_cross,29
first_cross,10
first_cross,18
first_cross,42
first_cross,19
first_cross,25
first_cross,27
first_cross,12
first_cross,24
first_cross,12
first_cross,7
first_cross,18
first_cross,26
first_cross,7
first_cross,25
first_cross,36
first_cross,65
first_cross,11
first_cross,20
first_cross,20
first_cross,7
first_cross,8
first_cross,13
first_cross,1
first_cross,22
first_cross,26
first_cross,16
first_cross,7
first_cross,29
first_cross,13
first_cross,12
first_cross,0
first_cross,19
first_cross,16
first_cross,10
first_cross,2
first_cross,25
first_cross,31
first_cross,36
first_cross,15
first_cross,18
first_cross,28
first_cross,5
first_cross,32
first_cross,35
first_cross,15
first_cross,20
first_cross,14
first_cross,28
first_cross,26
first_cross,23
first_cross,20
first_cross,9
first_cross,36
first_cross,37
first_cross,20
first_cross,25
first_cross,17
first_cross,2
first_cross,12
first_cross,13
first_cross,7
first_cross,16
first_cross,5
first_cross,26
first_cross,18
first_cross,10
first_cross,14
first_cross,39
first_cross,16
first_cross,7
first_cross,24
first_cross,29
first_cross,30
first_cross,11
first_cross,28
first_cross,16
first_cross,12
first_cross,9
first_cross,11
first_cross,18
first_cross,11
first_cross,19
first_cross,10
first_cross,24
first_cross,23
first_cross,3
first_cross,39
first_cross,14
first_cross,2
first_cross,19
first_cross,20
first_cross,28
first_cross,24
first_cross,4
first_cross,20
first_cross,21
first_cross,15
first_cross,3
first_cross,19
first_cross,26
first_cross,14
first_cross,18
first_cross,7
first_cross,22
first_cross,27
first_cross,5
first_cross,16
first_cross,11
first_cross,14
first_cross,24
first_cross,30
first_cross,18
first_cross,30
first_cross,27
first_cross,7
first_cross,13
first_cross,4
first_cross,22
first_cross,5
first_cross,7
first_cross,13
first_cross,17
first_cross,17
first_cross,21
first_cross,23
first_cross,22
first_cross,4
first_cross,16
first_cross,21
first_cross,10
first_cross,25
first_cross,29
first_cross,34
first_cross,40
first_cross,11
first_cross,13
first_cross,26
first_cross,12
first_cross,14
first_cross,21
first_cross,31
first_cross,17
first_cross,11
first_cross,27
first_cross,8
first_cross,13
first_cross,5
first_cross,15
first_cross,22
first_cross,11
first_cross,23
first_cross,26
first_cross,2
first_cross,9
first_cross,21
first_cross,34
first_cross,6
first_cross,2
first_cross,15
first_cross,18
first_cross,33
first_cross,20
first_cross,29
first_cross,3
first_cross,12
first_cross,23
first_cross,32
first_cross,35
first_cross,9
first_cross,25
first_cross,30
first_cross,11
first_cross,18
first_cross,17
first_cross,26
first_cross,8
first_cross,13
first_cross,4
first_cross,5
first_cross,23
first_cross,15
first_cross,5
first_cross,16
first_cross,6
first_cross,19
first_cross,12
first_cross,18
first_cross,21
first_cross,25
first_cross,22
first_cross,14
first_cross,35
first_cross,5
first_cross,0
first_cross,3
first_cross,12
first_cross,14
first_cross,18
first_cross,25
first_cross,29
first_cross,6
first_cross,4
first_cross,32
first_cross,3
first_cross,12
first_cross,7
first_cross,11
first_cross,13
first_cross,24
first_cross,24
first_cross,21
first_cross,12
first_cross,36
first_cross,3
first_cross,13
first_cross,22
first_cross,11
first_cross,26
first_cross,15
first_cross,9
first_cross,22
first_cross,5
first_cross,3
first_cross,20
first_cross,31
first_cross,14
first_cross,14
first_cross,12
first_cross,19
first_cross,6
first_cross,21
first_cross,26
first_cross,27
first_cross,30
first_cross,10
first_cross,18
first_cross,15
first_cross,23
first_cross,20
first_cross,24
first_cross,12
first_cross,13
first_cross,31
first_cross,16
first_cross,15
first_cross,23
first_cross,17
first_cross,0
first_cross,15
first_cross,15
first_cross,31
first_cross,23
first_cross,11
first_cross,32
first_cross,16
first_cross,15
first_cross,21
first_cross,32
first_cross,14
first_cross,5
first_cross,0
first_cross,25
first_cross,16
first_cross,10
first_cross,16
first_cross,32
first_cross,16
first_cross,43
first_cross,11
first_cross,10
first_cross,22
first_cross,2
first_cross,15
first_cross,29
first_cross,17
first_cross,17
first_cross,20
first_cross,4
first_cross,32
first_cross,16
first_cross,8
first_cross,7
first_cross,16
first_cross,11
first_cross,14
first_cross,14
first_cross,8
first_cross,16
first_cross,17
first_cross,38
first_cross,12
first_cross,37
first_cross,24
first_cross,25
first_cross,44
first_cross,20
first_cross,28
first_cross,42
first_cross,19
first_cross,26
first_cross,22
first_cross,15
first_cross,34
first_cross,41
first_cross,14
first_cross,14
first_cross,29
first_cross,9
first_cross,24
first_cross,35
first_cross,26
first_cross,20
first_cross,2
first_cross,17
first_cross,11
first_cross,17
first_cross,18
first_cross,14
first_cross,26
first_cross,14
first_cross,29
first_cross,18
first_cross,8
first_cross,31
first_cross,19
first_cross,6
first_cross,6
first_cross,12
first_cross,30
first_cross,26
first_cross,15
first_cross,26
first_cross,5
first_cross,27
first_cross,1
first_cross,23
first_cross,6
first_cross,6
first_cross,20
first_cross,21
first_cross,11
first_cross,20
first_cross,24
first_cross,16
first_cross,17
first_cross,23
first_cross,16
first_cross,27
first_cross,34
first_cross,6
first_cross,24
first_cross,22
first_cross,17
first_cross,13
first_cross,34
first_cross,21
first_cross,32
first_cross,30
first_cross,15
first_cross,13
first_cross,16
first_cross,21
first_cross,18
first_cross,18
first_cross,5
first_cross,11
first_cross,4
first_cross,15
first_cross,26
first_cross,9
first_cross,24
first_cross,23
first_cross,24
first_cross,15
first_cross,18
first_cross,22
first_cross,26
first_cross,25
first_cross,15
first_cross,15
first_cross,19
first_cross,25
first_cross,16
first_cross,22
first_cross,6
first_cross,19
first_cross,16
first_cross,9
first_cross,7
first_cross,11
first_cross,28
first_cross,31
first_cross,22
first_cross,38
first_cross,18
first_cross,16
first_cross,22
first_cross,6
first_cross,19
first_cross,21
first_cross,22
first_cross,9
first_cross,40
first_cross,15
first_cross,13
first_cross,20
first_cross,16
first_cross,10
first_cross,17
first_cross,10
first_cross,20
first_cross,24
first_cross,24
first_cross,14
first_cross,27
first_cross,19
first_cross,27
first_cross,22
first_item_drop,1
first_item_drop,4
first_item_drop,15
first_item_drop,6
first_item_drop,2
first_item_drop,1
first_item_drop,6
first_item_drop,6
first_item_drop,11
first_item_drop,15
first_item_drop,0
first_item_drop,10
first_item_drop,9
first_item_drop,3
first_item_drop,2
first_item_drop,3
first_item_drop,1
first_item_drop,1
first_item_drop,5
first_item_drop,1
first_item_drop,3
first_item_drop,1
first_item_drop,1
first_item_drop,48
first_item_drop,3
first_item_drop,1
first_item_drop,11
first_item_drop,2
first_item_drop,4
first_item_drop,4
first_item_drop,16
first_item_drop,36
first_item_drop,1
first_item_drop,1
first_item_drop,7
first_item_drop,1
first_item_drop,2
first_item_drop,1
first_item_drop,8
first_item_drop,4
first_item_drop,6
first_item_drop,6
first_item_drop,8
first_item_drop,10
first_item_drop,7
first_item_drop,7
first_item_drop,1
first_item_drop,2
first_item_drop,6
first_item_drop,2
first_item_drop,2
first_item_drop,2
first_item_drop,3
first_item_drop,2
first_item_drop,3
first_item_drop,6
first_item_drop,12
first_item_drop,11
first_item_drop,10
first_item_drop,4
first_item_drop,5
first_item_drop,8
first_item_drop,46
first_item_drop,3
first_item_drop,6
first_item_drop,5
first_item_drop,11
first_item_drop,2
first_item_drop,19
first_item_drop,7
first_item_drop,1
first_item_drop,2
first_item_drop,4
first_item_drop,6
first_item_drop,4
first_item_drop,8
first_item_drop,1
first_item_drop,12
first_item_drop,11
first_item_drop,4
first_item_drop,10
first_item_drop,9
first_item_drop,4
first_item_drop,14
first_item_drop,3
first_item_drop,2
first_item_drop,17
first_item_drop,2
first_item_drop,15
first_item_drop,4
first_item_drop,9
first_item_drop,4
first_item_drop,0
first_item_drop,2
first_item_drop,9
first_item_drop,24
first_item_drop,3
first_item_drop,4
first_item_drop,0
first_item_drop,3
first_item_drop,6
first_item_drop,15
first_item_drop,20
first_item_drop,16
first_item_drop,25
first_item_drop,6
first_item_drop,9
first_item_drop,11
first_item_drop,4
first_item_drop,8
first_item_drop,9
first_item_drop,22
first_item_drop,3
first_item_drop,2
first_item_drop,13
first_item_drop,13
first_item_drop,4
first_item_drop,3
first_item_drop,11
first_item_drop,6
first_item_drop,10
first_item_drop,1
first_item_drop,6
first_item_drop,10
first_item_drop,3
first_item_drop,6
first_item_drop,5
first_item_drop,7
first_item_drop,9
first_item_drop,19
first_item_drop,3
first_item_drop,3
first_item_drop,5
first_item_drop,7
first_item_drop,16
first_item_drop,2
first_item_drop,5
first_item_drop,15
first_item_drop,20
first_item_drop,2
first_item_drop,3
first_item_drop,6
first_item_drop,3
first_item_drop,2
first_item_drop,8
first_item_drop,7
first_item_drop,3
first_item_drop,3
first_item_drop,6
first_item_drop,34
first_item_drop,0
first_item_drop,19
first_item_drop,3
first_item_drop,23
first_item_drop,16
first_item_drop,1
first_item_drop,2
first_item_drop,12
first_item_drop,0
first_item_drop,4
first_item_drop,10
first_item_drop,2
first_item_drop,6
first_item_drop,10
first_item_drop,4
first_item_drop,4
first_item_drop,3
first_item_drop,9
first_item_drop,5
first_item_drop,4
first_item_drop,1
first_item_drop,10
first_item_drop,3
first_item_drop,5
first_item_drop,6
first_item_drop,3
first_item_drop,29
first_item_drop,5
first_item_drop,9
first_item_drop,5
first_item_drop,0
first_item_drop,11
first_item_drop,0
first_item_drop,5
first_item_drop,1
first_item_drop,18
first_item_drop,0
first_item_drop,7
first_item_drop,1
first_item_drop,3
first_item_drop,8
first_item_drop,4
first_item_drop,6
first_item_drop,4
first_item_drop,3
first_item_drop,1
first_item_drop,4
first_item_drop,11
first_item_drop,6
first_item_drop,20
first_item_drop,10
first_item_drop,6
first_item_drop,5
first_item_drop,15
first_item_drop,16
first_item_drop,6
first_item_drop,5
first_item_drop,9
first_item_drop,14
first_item_drop,5
first_item_drop,0
first_item_drop,1
first_item_drop,2
first_item_drop,4
first_item_drop,5
first_item_drop,3
first_item_drop,0
first_item_drop,2
first_item_drop,1
first_item_drop,1
first_item_drop,25
first_item_drop,4
first_item_drop,3
first_item_drop,8
first_item_drop,10
first_item_drop,11
first_item_drop,4
first_item_drop,1
first_item_drop,12
first_item_drop,6
first_item_drop,1
first_item_drop,20
first_item_drop,7
first_item_drop,17
first_item_drop,13
first_item_drop,9
first_item_drop,15
first_item_drop,0
first_item_drop,8
first_item_drop,20
first_item_drop,5
first_item_drop,8
first_item_drop,2
first_item_drop,3
first_item_drop,3
first_item_drop,0
first_item_drop,5
first_item_drop,13
first_item_drop,0
first_item_drop,2
first_item_drop,4
first_item_drop,6
first_item_drop,17
first_item_drop,0
first_item_drop,10
first_item_drop,3
first_item_drop,16
first_item_drop,8
first_item_drop,2
first_item_drop,14
first_item_drop,2
first_item_drop,9
first_item_drop,4
first_item_drop,5
first_item_drop,1
first_item_drop,4
first_item_drop,6
first_item_drop,18
first_item_drop,5
first_item_drop,4
first_item_drop,25
first_item_drop,5
first_item_drop,7
first_item_drop,1
first_item_drop,3
first_item_drop,2
first_item_drop,11
first_item_drop,8
first_item_drop,2
first_item_drop,20
first_item_drop,14
first_item_drop,5
first_item_drop,14
first_item_drop,3
first_item_drop,1
first_item_drop,3
first_item_drop,5
first_item_drop,1
first_item_drop,8
first_item_drop,32
first_item_drop,10
first_item_drop,2
first_item_drop,2
first_item_drop,8
first_item_drop,6
first_item_drop,2
first_item_drop,2
first_item_drop,3
first_item_drop,9
first_item_drop,10
first_item_drop,0
first_item_drop,15
first_item_drop,3
first_item_drop,7
first_item_drop,45
first_item_drop,3
first_item_drop,1
first_item_drop,2
first_item_drop,1
first_item_drop,8
first_item_drop,5
first_item_drop,5
first_item_drop,28
first_item_drop,14
first_item_drop,9
first_item_drop,0
first_item_drop,2
first_item_drop,24
first_item_drop,11
first_item_drop,6
first_item_drop,0
first_item_drop,5
first_item_drop,1
first_item_drop,3
first_item_drop,5
first_item_drop,4
first_item_drop,7
first_item_drop,0
first_item_drop,8
first_item_drop,0
first_item_drop,13
first_item_drop,5
first_item_drop,13
first_item_drop,17
first_item_drop,1
first_item_drop,12
first_item_drop,13
first_item_drop,9
first_item_drop,2
first_item_drop,2
first_item_drop,2
first_item_drop,7
first_item_drop,0
first_item_drop,0
first_item_drop,28
first_item_drop,7
first_item_drop,5
first_item_drop,2
first_item_drop,5
first_item_drop,1
first_item_drop,4
first_item_drop,3
first_item_drop,29
first_item_drop,4
first_item_drop,4
first_item_drop,1
first_item_drop,7
first_item_drop,9
first_item_drop,1
first_item_drop,3
first_item_drop,6
first_item_drop,6
first_item_drop,7
first_item_drop,18
first_item_drop,15
first_item_drop,1
first_item_drop,13
first_item_drop,4
first_item_drop,0
first_item_drop,5
first_item_drop,3
first_item_drop,2
first_item_drop,10
first_item_drop,0
first_item_drop,2
first_item_drop,3
first_item_drop,4
first_item_drop,8
first_item_drop,92
first_item_drop,26
first_item_drop,2
first_item_drop,12
first_item_drop,5
first_item_drop,13
first_item_drop,4
first_item_drop,1
first_item_drop,12
first_item_drop,9
first_item_drop,1
first_item_drop,28
first_item_drop,4
first_item_drop,28
first_item_drop,8
first_item_drop,5
first_item_drop,6
first_item_drop,5
first_item_drop,14
first_item_drop,0
first_item_drop,5
first_item_drop,11
first_item_drop,3
first_item_drop,7
first_item_drop,4
first_item_drop,23
first_item_drop,3
first_item_drop,7
first_item_drop,2
first_item_drop,8
first_item_drop,1
first_item_drop,3
first_item_drop,13
first_item_drop,1
first_item_drop,0
first_item_drop,20
first_item_drop,24
first_item_drop,53
first_item_drop,2
first_item_drop,2
first_item_drop,2
first_item_drop,18
first_item_drop,1
first_item_drop,2
first_item_drop,9
first_item_drop,2
first_item_drop,2
first_item_drop,6
first_item_drop,5
first_item_drop,4
first_item_drop,4
first_item_drop,8
first_item_drop,2
first_item_drop,8
first_item_drop,10
first_item_drop,9
first_item_drop,27
first_item_drop,15
first_item_drop,7
first_item_drop,23
first_item_drop,15
first_item_drop,5
first_item_drop,4
first_item_drop,8
first_item_drop,7
first_item_drop,6
first_item_drop,4
first_item_drop,1
first_item_drop,1
first_item_drop,8
first_item_drop,1
first_item_drop,9
first_item_drop,1
first_item_drop,10
first_item_drop,3
first_item_drop,29
first_item_drop,8
first_item_drop,18
first_item_drop,9
first_item_drop,7
first_item_drop,12
first_item_drop,11
first_item_drop,7
first_item_drop,12
first_item_drop,6
first_item_drop,7
first_item_drop,29
first_item_drop,14
first_item_drop,5
first_item_drop,22
first_item_drop,13
first_item_drop,0
first_item_drop,4
first_item_drop,4
first_item_drop,17
first_item_drop,11
first_item_drop,7
first_item_drop,3
first_item_drop,7
first_item_drop,8
first_item_drop,18
first_item_drop,2
first_item_drop,3
first_item_drop,10
first_item_drop,3
first_item_drop,14
first_item_drop,6
first_item_drop,15
first_item_drop,27
first_item_drop,3
first_item_drop,4
first_item_drop,6
first_item_drop,4
first_item_drop,12
first_item_drop,15
first_item_drop,10
first_item_drop,1
first_item_drop,5
first_item_drop,14
first_item_drop,1
first_item_drop,3
first_item_drop,11
first_item_drop,0
first_item_drop,0
first_item_drop,14
first_item_drop,0
first_item_drop,42
first_item_drop,1
first_item_drop,2
first_item_drop,2
first_item_drop,0
first_item_drop,6
first_item_drop,11
first_item_drop,13
first_item_drop,4
first_item_drop,3
first_item_drop,4
first_item_drop,3
first_item_drop,2
first_item_drop,3
first_item_drop,4
first_item_drop,5
first_item_drop,1
first_item_drop,8
first_item_drop,4
first_item_drop,5
first_item_drop,3
first_item_drop,11
first_item_drop,5
first_item_drop,9
first_item_drop,23
first_item_drop,2
first_item_drop,7
first_item_drop,8
first_item_drop,9
first_item_drop,2
first_item_drop,14
first_item_drop,5
first_item_drop,16
first_item_drop,7
first_item_drop,3
first_item_drop,3
first_item_drop,4
first_item_drop,0
first_item_drop,11
first_item_drop,1
first_item_drop,10
first_item_drop,4
first_item_drop,12
first_item_drop,3
first_item_drop,8
first_item_drop,4
first_item_drop,8
first_item_drop,4
first_item_drop,3
first_item_drop,16
first_item_drop,4
first_item_drop,7
first_item_drop,4
first_item_drop,11
first_item_drop,13
first_item_drop,7
first_item_drop,17
first_item_drop,10
first_item_drop,4
first_item_drop,8
first_item_drop,5
first_item_drop,4
first_item_drop,1
first_item_drop,15
first_item_drop,11
first_item_drop,10
first_item_drop,5
first_item_drop,2
first_item_drop,6
first_item_drop,10
first_item_drop,3
first_item_drop,10
first_item_drop,2
first_item_drop,1
first_item_drop,2
first_item_drop,2
first_item_drop,7
first_item_drop,21
first_item_drop,2
first_item_drop,3
first_item_drop,3
first_item_drop,2
first_item_drop,1
first_item_drop,10
first_item_drop,2
first_item_drop,3
first_item_drop,9
first_item_drop,23
first_item_drop,2
first_item_drop,7
first_item_drop,10
first_item_drop,22
first_item_drop,2
first_item_drop,2
first_item_drop,4
first_item_drop,3
first_item_drop,16
first_item_drop,20
first_item_drop,10
first_item_drop,14
first_item_drop,9
first_item_drop,0
first_item_drop,15
first_item_drop,15
first_item_drop,0
first_item_drop,3
first_item_drop,3
first_item_drop,13
first_item_drop,3
first_item_drop,7
first_item_drop,6
first_item_drop,3
first_item_drop,0
first_item_drop,6
first_item_drop,8
first_item_drop,1
first_item_drop,1
first_item_drop,3
first_item_drop,4
first_item_drop,1
first_item_drop,18
first_item_drop,4
first_item_drop,9
first_item_drop,8
first_item_drop,3
first_item_drop,7
first_item_drop,4
first_item_drop,8
first_item_drop,5
first_item_drop,2
first_item_drop,9
first_item_drop,6
first_item_drop,5
first_item_drop,7
first_item_drop,2
first_item_drop,14
first_item_drop,4
first_item_drop,15
first_item_drop,6
first_item_drop,6
first_item_drop,3
first_item_drop,6
first_item_drop,7
first_item_drop,2
first_item_drop,10
first_item_drop,3
first_item_drop,2
first_item_drop,2
first_item_drop,3
first_item_drop,3
first_item_drop,4
first_item_drop,1
first_item_drop,3
first_item_drop,10
first_item_drop,0
first_item_drop,9
first_item_drop,2
first_item_drop,5
first_item_drop,5
first_item_drop,5
first_item_drop,14
first_item_drop,2
first_item_drop,1
first_item_drop,16
first_item_drop,13
first_item_drop,10
first_item_drop,9
first_item_drop,9
first_item_drop,3
first_item_drop,8
first_item_drop,16
first_item_drop,0
first_item_drop,15
first_item_drop,1
first_item_drop,2
first_item_drop,3
first_item_drop,3
first_item_drop,8
first_item_drop,6
first_item_drop,7
first_item_drop,2
first_item_drop,2
first_item_drop,2
first_item_drop,1
first_item_drop,0
first_item_drop,4
first_item_drop,3
first_item_drop,1
first_item_drop,3
first_item_drop,2
first_item_drop,0
first_item_drop,10
first_item_drop,3
first_item_drop,4
first_item_drop,20
first_item_drop,2
first_item_drop,23
first_item_drop,21
first_item_drop,2
first_item_drop,8
first_item_drop,42
first_item_drop,3
first_item_drop,6
first_item_drop,10
first_item_drop,5
first_item_drop,4
first_item_drop,3
first_item_drop,8
first_item_drop,3
first_item_drop,0
first_item_drop,11
first_item_drop,8
first_item_drop,9
first_item_drop,2
first_item_drop,4
first_item_drop,8
first_item_drop,30
first_item_drop,5
first_item_drop,1
first_item_drop,4
first_item_drop,2
first_item_drop,11
first_item_drop,6
first_item_drop,5
first_item_drop,1
first_item_drop,4
first_item_drop,19
first_item_drop,1
first_item_drop,2
first_item_drop,12
first_item_drop,7
first_item_drop,14
first_item_drop,9
first_item_drop,2
first_item_drop,21
first_item_drop,15
first_item_drop,2
first_item_drop,2
first_item_drop,1
first_item_drop,7
first_item_drop,4
first_item_drop,1
first_item_drop,3
first_item_drop,3
first_item_drop,6
first_item_drop,4
first_item_drop,14
first_item_drop,6
first_item_drop,0
first_item_drop,2
first_item_drop,10
first_item_drop,5
first_item_drop,4
first_item_drop,3
first_item_drop,3
first_item_drop,4
first_item_drop,13
first_item_drop,3
first_item_drop,3
first_item_drop,15
first_item_drop,1
first_item_drop,26
first_item_drop,1
first_item_drop,14
first_item_drop,5
first_item_drop,1
first_item_drop,1
first_item_drop,20
first_item_drop,8
first_item_drop,1
first_item_drop,10
first_item_drop,3
first_item_drop,10
first_item_drop,23
first_item_drop,14
first_item_drop,2
first_item_drop,2
first_item_drop,7
first_item_drop,6
first_item_drop,31
first_item_drop,11
first_item_drop,6
first_item_drop,3
first_item_drop,2
first_item_drop,13
first_item_drop,0
first_item_drop,7
first_item_drop,6
first_item_drop,0
first_item_drop,6
first_item_drop,12
first_item_drop,3
first_item_drop,2
first_item_drop,2
first_item_drop,1
first_item_drop,3
first_item_drop,4
first_item_drop,1
first_item_drop,2
first_item_drop,2
first_item_drop,10
first_item_drop,26
first_item_drop,0
first_item_drop,5
first_item_drop,13
first_item_drop,28
first_item_drop,4
first_item_drop,3
first_item_drop,6
first_item_drop,11
first_item_drop,35
first_item_drop,1
first_item_drop,2
first_item_drop,12
first_item_drop,15
first_item_drop,12
first_item_drop,8
first_item_drop,7
first_item_drop,2
first_item_drop,8
first_item_drop,10
first_item_drop,6
first_item_drop,3
first_item_drop,6
first_item_drop,0
first_item_drop,14
first_item_drop,11
first_item_drop,3
first_item_drop,5
first_item_drop,1
first_item_drop,6
first_item_drop,2
first_item_drop,2
first_item_drop,1
first_item_drop,6
first_item_drop,2
first_item_drop,7
first_item_drop,3
first_item_drop,4
first_item_drop,1
first_item_drop,21
first_item_drop,2
first_item_drop,14
first_item_drop,2
first_item_drop,12
first_item_drop,3
first_item_drop,6
first_item_drop,2
first_item_drop,8
first_item_drop,19
first_item_drop,2
first_item_drop,4
first_item_drop,9
first_item_drop,3
first_item_drop,4
first_item_drop,3
first_item_drop,18
first_item_drop,4
first_item_drop,1
first_item_drop,1
first_item_drop,12
first_item_drop,4
first_item_drop,3
first_item_drop,8
first_item_drop,11
first_item_drop,22
first_item_drop,0
first_item_drop,16
first_item_drop,15
first_item_drop,10
first_item_drop,1
first_item_drop,10
first_item_drop,7
first_item_drop,3
first_item_drop,7
first_item_drop,3
first_item_drop,6
first_item_drop,3
first_item_drop,10
first_item_drop,2
first_item_drop,9
first_item_drop,2
first_item_drop,3
first_item_drop,2
first_item_drop,3
first_item_drop,0
first_item_drop,0
first_item_drop,2
first_item_drop,2
first_item_drop,16
first_item_drop,5
first_item_drop,10
first_item_drop,4
first_item_drop,14
first_item_drop,4
first_item_drop,4
first_item_drop,1
first_item_drop,11
first_item_drop,9
first_item_drop,2
first_item_drop,4
first_item_drop,25
first_item_drop,2
first_item_drop,16
first_item_drop,2
first_item_drop,15
first_item_drop,7
first_item_drop,4
first_item_drop,5
first_item_drop,5
first_item_drop,24
first_item_drop,5
first_item_drop,12
first_item_drop,4
first_item_drop,13
first_item_drop,7
first_item_drop,15
first_item_drop,1
first_item_drop,6
first_item_drop,28
first_item_drop,8
first_item_drop,5
first_item_drop,29
first_item_drop,3
first_item_drop,3
first_item_drop,7
first_item_drop,4
first_item_drop,12
first_item_drop,1
first_item_drop,7
first_item_drop,10
first_item_drop,6
first_item_drop,2
first_item_drop,7
first_item_drop,16
first_item_drop,8
first_item_drop,4
first_item_drop,3
first_item_drop,5
first_item_drop,7
first_item_drop,11
first_item_drop,2
first_item_drop,0
first_item_drop,6
first_item_drop,10
first_item_drop,8
first_item_drop,7
first_item_drop,6
first_item_drop,1
first_item_drop,4
first_item_drop,5
first_item_drop,5
first_item_drop,3
first_item_drop,6
first_item_drop,3
first_item_drop,5
first_item_drop,3
first_item_drop,2
first_item_drop,1
first_item_drop,2
first_item_drop,8
first_item_drop,7
first_item_drop,7
first_item_drop,16
first_item_drop,1
first_item_drop,6
first_item_drop,1
first_item_drop,8
first_item_drop,3
first_item_drop,7
first_item_drop,3
first_item_drop,14
first_item_drop,2
first_item_drop,6
first_item_drop,5
first_item_drop,19
first_item_drop,2
first_item_drop,1
first_item_drop,1
first_item_drop,8
first_item_drop,3
first_item_drop,10
first_item_drop,6
first_item_drop,4
first_item_drop,4
first_item_drop,24
first_item_drop,3
first_item_drop,0
first_item_drop,17
first_item_drop,27
first_item_drop,6
first_item_drop,9
first_item_drop,2
first_item_drop,9
first_item_drop,6
first_item_drop,1
first_item_drop,16
first_item_drop,6
first_item_drop,9
first_item_drop,4
first_item_drop,2
first_item_drop,20
first_item_drop,13
first_item_drop,9
first_item_drop,7
first_item_drop,6
first_item_drop,1
first_item_drop,2
first_item_drop,6
first_item_drop,8
first_item_drop,15
first_item_drop,8
first_item_drop,3
first_item_drop,8
first_item_drop,3
first_item_drop,2
first_item_drop,2
first_item_drop,7
first_item_drop,3
first_item_drop,15
first_item_drop,2
first_item_drop,2
first_item_drop,8
first_item_drop,3
first_item_drop,11
first_item_drop,4
first_item_drop,2
first_item_drop,3
first_item_drop,1
first_item_drop,25
first_item_drop,2
first_item_drop,1
first_item_drop,6
first_item_drop,13
first_item_drop,8
first_item_drop,7
first_item_drop,0
first_item_drop,0
first_item_drop,9
first_item_drop,23
first_item_drop,5
first_item_drop,8
first_item_drop,2
first_item_drop,9
first_item_drop,12
first_item_drop,15
first_item_drop,6
first_item_drop,9
first_item_drop,5
first_item_drop,1
first_item_drop,0
first_item_drop,2
first_item_drop,5
first_item_drop,3
first_item_drop,1
first_item_drop,8
first_item_drop,2
first_item_drop,6
first_item_drop,12
first_item_drop,0
first_item_drop,13
first_item_drop,1
first_item_drop,6
first_item_drop,7
first_item_drop,2
first_item_drop,7
first_item_drop,5
first_item_drop,2
first_item_drop,2
first_item_drop,2
first_item_drop,2
first_item_drop,3
first_item_drop,1
first_item_drop,26
first_item_drop,19
first_item_drop,6
first_item_drop,0
first_item_drop,8
first_item_drop,0
first_item_drop,1
first_item_drop,16
first_item_drop,4
first_item_drop,4
first_item_drop,6
first_item_drop,1
first_item_drop,3
first_item_drop,3
first_item_drop,4
first_item_drop,3
first_item_drop,11
first_item_drop,1
first_item_drop,3
first_item_drop,18
first_item_drop,20
first_item_drop,0
first_item_drop,26
first_item_drop,3
first_item_drop,10
first_item_drop,15
first_item_drop,3
first_item_drop,10
first_item_drop,5
first_item_drop,1
first_item_drop,12
first_item_drop,9
first_item_drop,13
first_item_drop,4
first_item_drop,2
first_item_drop,19
first_item_drop,1
first_item_drop,1
first_item_drop,4
first_item_drop,10
first_item_drop,1
first_item_drop,8
first_item_drop,9
first_item_drop,0
first_item_drop,7
first_item_drop,2
first_item_drop,3
first_item_drop,6
first_item_drop,14
first_item_drop,4
first_item_drop,1
first_item_drop,5
first_item_drop,14
first_item_drop,3
first_item_drop,2
first_item_drop,19
first_item_drop,7
first_item_drop,8
first_item_drop,2
first_item_drop,22
first_item_drop,1
first_item_drop,0
first_item_drop,7
first_item_drop,1
first_item_drop,4
first_item_drop,28
first_item_drop,3
first_item_drop,0
first_item_drop,6
first_item_drop,1
first_item_drop,7
first_item_drop,8
first_item_drop,4
first_item_drop,13
first_item_drop,0
first_item_drop,8
first_item_drop,0
first_item_drop,5
first_item_drop,7
first_item_drop,15
first_item_drop,2
first_item_drop,7
first_item_drop,4
first_item_drop,0
first_item_drop,3
first_item_drop,3
first_item_drop,1
first_item_drop,4
first_item_drop,3
first_item_drop,4
first_item_drop,9
first_item_drop,22
first_item_drop,4
first_item_drop,8
first_item_drop,11
first_item_drop,2
first_item_drop,5
first_item_drop,8
first_item_drop,7
first_item_drop,5
first_item_drop,1
first_item_drop,1
first_item_drop,5
first_item_drop,4
first_item_drop,11
first_item_drop,24
first_item_drop,2
first_item_drop,1
first_item_drop,19
first_item_drop,16
first_item_drop,21
first_item_drop,4
first_item_drop,17
first_item_drop,5
first_item_drop,1
first_item_drop,3
first_item_drop,8
first_item_drop,4
first_item_drop,10
first_item_drop,8
first_item_drop,1
first_item_drop,2
first_item_drop,20
first_item_drop,6
first_item_drop,3
first_item_drop,3
first_item_drop,2
first_item_drop,18
first_item_drop,0
first_item_drop,16
first_item_drop,9
first_item_drop,8
first_item_drop,3
first_item_drop,11
first_item_drop,4
first_item_drop,2
first_item_drop,0
first_item_drop,8
first_item_drop,0
first_item_drop,21
first_item_drop,2
first_item_drop,7
first_item_drop,29
first_item_drop,17
first_item_drop,17
first_item_drop,6
first_item_drop,19
first_item_drop,3
first_item_drop,7
first_item_drop,2
first_item_drop,8
first_item_drop,1
first_item_drop,17
first_item_drop,5
first_item_drop,3
first_item_drop,11
first_item_drop,3
first_item_drop,37
first_item_drop,14
first_item_drop,3
first_item_drop,7
first_item_drop,1
first_item_drop,5
first_item_drop,1
first_item_drop,5
first_item_drop,10
first_item_drop,10
first_item_drop,8
first_item_drop,32
first_item_drop,10
first_item_drop,22
first_item_drop,13
first_item_drop,9
first_item_drop,7
first_item_drop,1
first_item_drop,0
first_item_drop,9
first_item_drop,9
first_item_drop,22
first_item_drop,2
first_item_drop,6
first_item_drop,14
first_item_drop,11
first_item_drop,11
first_item_drop,9
first_item_drop,3
first_item_drop,7
first_item_drop,5
first_item_drop,6
first_item_drop,8
first_item_drop,4
first_item_drop,4
first_item_drop,3
first_item_drop,16
first_item_drop,12
first_item_drop,3
first_item_drop,18
first_item_drop,22
first_item_drop,5
first_item_drop,28
first_item_drop,9
first_item_drop,11
first_item_drop,0
first_item_drop,1
first_item_drop,3
first_item_drop,42
first_item_drop,10
first_item_drop,4
first_item_drop,6
first_item_drop,8
first_item_drop,10
first_item_drop,8
first_item_drop,5
first_item_drop,4
first_item_drop,7
first_item_drop,19
first_item_drop,2
first_item_drop,7
first_item_drop,17
first_item_drop,2
first_item_drop,4
first_item_drop,13
first_item_drop,18
first_item_drop,13
first_item_drop,0
first_item_drop,8
first_item_drop,1
first_item_drop,11
first_item_drop,2
first_item_drop,6
first_item_drop,7
first_item_drop,1
first_item_drop,1
first_item_drop,2
first_item_drop,3
first_item_drop,6
first_item_drop,2
first_item_drop,2
first_item_drop,8
first_item_drop,4
first_item_drop,17
first_item_drop,2
first_item_drop,7
first_item_drop,8
first_item_drop,8
first_item_drop,5
first_item_drop,5
first_item_drop,4
first_item_drop,8
first_item_drop,4
first_item_drop,9
first_item_drop,31
first_item_drop,1
first_item_drop,11
first_item_drop,9
first_item_drop,1
first_item_drop,9
first_item_drop,3
first_item_drop,5
first_item_drop,2
first_item_drop,14
first_item_drop,5
first_item_drop,17
first_item_drop,4
first_item_drop,4
first_item_drop,15
first_item_drop,4
first_item_drop,3
first_item_drop,4
first_item_drop,3
first_item_drop,7
first_item_drop,7
first_item_drop,8
first_item_drop,11
first_item_drop,5
first_item_drop,8
first_item_drop,6
first_item_drop,4
first_item_drop,2
first_item_drop,10
first_item_drop,10
first_item_drop,1
first_item_drop,0
first_item_drop,4
first_item_drop,12
first_item_drop,4
first_item_drop,5
first_item_drop,4
first_item_drop,13
first_item_drop,8
first_item_drop,7
first_item_drop,2
first_item_drop,3
first_item_drop,8
first_item_drop,23
first_item_drop,11
first_item_drop,3
first_item_drop,1
first_item_drop,1
first_item_drop,16
first_item_drop,5
first_item_drop,15
first_item_drop,4
first_item_drop,16
first_item_drop,1
first_item_drop,8
first_item_drop,2
first_item_drop,17
first_item_drop,6
first_item_drop,7
first_item_drop,15
first_item_drop,6
first_item_drop,2
first_item_drop,0
first_item_drop,7
first_item_drop,2
first_item_drop,9
first_item_drop,1
first_item_drop,14
first_item_drop,42
first_item_drop,5
first_item_drop,18
first_item_drop,2
first_item_drop,1
first_item_drop,1
first_item_drop,12
first_item_drop,2
first_item_drop,7
first_item_drop,48
first_item_drop,2
first_item_drop,8
first_item_drop,3
first_item_drop,3
first_item_drop,4
first_item_drop,7
first_item_drop,2
first_item_drop,4
first_item_drop,3
first_item_drop,0
first_item_drop,3
first_item_drop,2
first_item_drop,1
first_item_drop,5
first_item_drop,10
first_item_drop,1
first_item_drop,2
first_item_drop,2
first_item_drop,5
first_item_drop,17
first_item_drop,0
first_item_drop,0
first_item_drop,3
first_item_drop,1
first_item_drop,15
first_item_drop,3
first_item_drop,2
first_item_drop,2
first_item_drop,3
first_item_drop,1
first_item_drop,0
first_item_drop,6
first_item_drop,5
first_item_drop,3
first_item_drop,22
first_item_drop,27
first_item_drop,2
first_item_drop,5
first_item_drop,1
first_item_drop,2
first_item_drop,3
first_item_drop,23
first_item_drop,1
first_item_drop,4
first_item_drop,2
first_item_drop,7
first_item_drop,2
first_item_drop,6
first_item_drop,6
first_item_drop,5
first_item_drop,2
first_item_drop,1
first_item_drop,2
first_item_drop,6
first_item_drop,2
first_item_drop,3
first_item_drop,1
first_item_drop,2
first_item_drop,2
first_item_drop,3
first_item_drop,0
first_item_drop,19
first_item_drop,4
first_item_drop,1
first_item_drop,18
first_item_drop,6
first_item_drop,3
first_item_drop,8
first_item_drop,5
first_item_drop,22
first_item_drop,24
first_item_drop,15
first_item_drop,1
first_item_drop,4
first_item_drop,1
first_item_drop,1
first_item_drop,2
first_item_drop,1
first_item_drop,1
first_item_drop,7
first_item_drop,4
first_item_drop,14
first_item_drop,1
first_item_drop,3
first_item_drop,3
first_item_drop,3
first_item_drop,16
first_item_drop,25
first_item_drop,6
first_item_drop,2
first_item_drop,3
first_item_drop,2
first_item_drop,18
first_item_drop,1
first_item_drop,8
first_item_drop,5
first_item_drop,10
first_item_drop,30
first_item_drop,10
first_item_drop,0
first_item_drop,11
first_item_drop,22
first_item_drop,2
first_item_drop,11
first_item_drop,16
first_item_drop,1
first_item_drop,11
first_item_drop,15
first_item_drop,1
first_item_drop,14
first_item_drop,8
first_item_drop,3
first_item_drop,8
first_item_drop,2
first_item_drop,3
first_item_drop,2
first_item_drop,9
first_item_drop,4
first_item_drop,9
first_item_drop,0
first_item_drop,0
first_item_drop,2
first_item_drop,5
first_item_drop,2
first_item_drop,13
first_item_drop,13
first_item_drop,2
first_item_drop,9
first_item_drop,4
first_item_drop,7
first_item_drop,4
first_item_drop,13
first_item_drop,19
first_item_drop,17
first_item_drop,3
first_item_drop,12
first_item_drop,1
first_item_drop,10
first_item_drop,10
first_item_drop,6
first_item_drop,4
first_item_drop,9
first_item_drop,2
first_item_drop,1
first_item_drop,1
first_item_drop,8
first_item_drop,11
first_item_drop,10
first_item_drop,4
first_item_drop,3
first_item_drop,3
first_item_drop,14
first_item_drop,3
first_item_drop,1
first_item_drop,1
first_item_drop,1
first_item_drop,9
first_item_drop,6
first_item_drop,3
first_item_drop,6
first_item_drop,3
first_item_drop,1
first_item_drop,2
first_item_drop,1
first_item_drop,8
first_item_drop,4
first_item_drop,7
first_item_drop,6
first_item_drop,2
first_item_drop,9
first_item_drop,2
first_item_drop,14
first_item_drop,4
first_item_drop,0
first_item_drop,9
first_item_drop,1
first_item_drop,9
first_item_drop,5
first_item_drop,10
first_item_drop,8
first_item_drop,17
first_item_drop,7
first_item_drop,3
first_item_drop,6
first_item_drop,6
first_item_drop,1
first_item_drop,4
first_item_drop,21
first_item_drop,14
first_item_drop,13
first_item_drop,8
first_item_drop,10
first_item_drop,2
first_item_drop,8
first_item_drop,1
first_item_drop,9
first_item_drop,3
first_item_drop,24
first_item_drop,15
first_item_drop,10
first_item_drop,1
first_item_drop,11
first_item_drop,8
first_item_drop,4
first_item_drop,6
first_item_drop,4
first_item_drop,0
first_item_drop,8
first_item_drop,5
first_item_drop,0
first_item_drop,7
first_item_drop,23
first_item_drop,10
first_item_drop,0
first_item_drop,7
first_item_drop,3
first_item_drop,6
first_item_drop,4
first_item_drop,6
first_item_drop,0
first_item_drop,2
first_item_drop,9
first_item_drop,2
first_item_drop,18
first_item_drop,2
first_item_drop,4
first_item_drop,2
first_item_drop,3
first_item_drop,20
first_item_drop,2
first_item_drop,1
first_item_drop,8
first_item_drop,15
first_item_drop,3
first_item_drop,3
first_item_drop,2
first_item_drop,0
first_item_drop,3
first_item_drop,8
first_item_drop,8
first_item_drop,3
first_item_drop,26
first_item_drop,4
first_item_drop,4
first_item_drop,0
first_item_drop,3
first_item_drop,1
first_item_drop,25
first_item_drop,5
first_item_drop,6
first_item_drop,1
first_item_drop,6
first_item_drop,0
first_item_drop,3
first_item_drop,9
first_item_drop,8
first_item_drop,2
first_item_drop,2
first_item_drop,9
first_item_drop,3
first_item_drop,20
first_item_drop,6
first_item_drop,7
first_item_drop,2
first_item_drop,5
first_item_drop,3
first_item_drop,10
first_item_drop,4
first_item_drop,10
first_item_drop,3
first_item_drop,17
first_item_drop,6
first_item_drop,17
first_item_drop,1
first_item_drop,2
first_item_drop,4
first_item_drop,11
first_item_drop,3
first_item_drop,6
first_item_drop,2
first_item_drop,3
first_item_drop,7
first_item_drop,4
first_item_drop,9
first_item_drop,31
first_item_drop,8
first_item_drop,4
first_item_drop,11
first_item_drop,13
first_item_drop,6
first_item_drop,2
first_item_drop,19
first_item_drop,3
first_item_drop,3
first_item_drop,17
first_item_drop,8
first_item_drop,9
first_item_drop,17
first_item_drop,12
first_item_drop,11
first_item_drop,3
first_item_drop,15
first_item_drop,11
first_item_drop,0
first_item_drop,0
first_item_drop,2
first_item_drop,2
first_item_drop,2
first_item_drop,2
first_item_drop,10
first_item_drop,1
first_item_drop,3
first_item_drop,1
first_item_drop,3
first_item_drop,7
first_item_drop,1
first_item_drop,2
first_item_drop,2
first_item_drop,15
first_item_drop,8
first_item_drop,7
first_item_drop,7
first_item_drop,5
first_item_drop,1
first_item_drop,1
first_item_drop,9
first_item_drop,3
first_item_drop,37
first_item_drop,4
first_item_drop,6
first_item_drop,14
first_item_drop,0
first_item_drop,31
first_item_drop,4
first_item_drop,2
first_item_drop,1
first_item_drop,0
first_item_drop,6
first_item_drop,2
first_item_drop,17
first_item_drop,16
first_item_drop,7
first_item_drop,4
first_item_drop,4
first_item_drop,1
first_item_drop,3
first_item_drop,14
first_item_drop,5
first_item_drop,2
first_item_drop,9
first_item_drop,2
first_item_drop,2
first_item_drop,4
first_item_drop,11
first_item_drop,1
first_item_drop,17
first_item_drop,1
first_item_drop,1
first_item_drop,4
first_item_drop,6
first_item_drop,9
first_item_drop,7
first_item_drop,12
first_item_drop,13
first_item_drop,26
first_item_drop,4
first_item_drop,1
first_item_drop,8
first_item_drop,15
first_item_drop,3
first_item_drop,10
first_item_drop,14
first_item_drop,13
first_item_drop,10
first_item_drop,22
first_item_drop,5
first_item_drop,3
first_item_drop,2
first_item_drop,2
first_item_drop,14
first_item_drop,6
first_item_drop,3
first_item_drop,3
first_item_drop,2
first_item_drop,2
first_item_drop,3
first_item_drop,2
first_item_drop,13
first_item_drop,9
first_item_drop,3
first_item_drop,15
first_item_drop,7
first_item_drop,4
first_item_drop,6
first_item_drop,2
first_item_drop,4
first_item_drop,2
first_item_drop,2
first_item_drop,13
first_item_drop,0
first_item_drop,1
first_item_drop,11
first_item_drop,2
first_item_drop,5
first_item_drop,6
first_item_drop,2
first_item_drop,6
first_item_drop,2
first_item_drop,2
first_item_drop,3
first_item_drop,6
first_item_drop,2
first_item_drop,3
first_item_drop,9
first_item_drop,0
first_item_drop,1
first_item_drop,13
first_item_drop,3
first_item_drop,5
first_item_drop,9
first_item_drop,5
first_item_drop,4
first_item_drop,25
first_item_drop,2
first_item_drop,0
first_item_drop,12
first_item_drop,9
first_item_drop,6
first_item_drop,7
first_item_drop,6
first_item_drop,0
first_item_drop,1
first_item_drop,12
first_item_drop,13
first_item_drop,3
first_item_drop,10
first_item_drop,3
first_item_drop,33
first_item_drop,1
first_item_drop,8
first_item_drop,2
first_item_drop,5
first_item_drop,24
first_item_drop,4
first_item_drop,2
first_item_drop,0
first_item_drop,8
first_item_drop,2
first_item_drop,15
first_item_drop,2
first_item_drop,3
first_item_drop,1
first_item_drop,29
first_item_drop,3
first_item_drop,0
first_item_drop,8
first_item_drop,9
first_item_drop,7
first_item_drop,5
first_item_drop,3
first_item_drop,8
first_item_drop,14
first_item_drop,0
first_item_drop,12
first_item_drop,5
first_item_drop,2
first_item_drop,11
first_item_drop,2
first_item_drop,5
first_item_drop,0
first_item_drop,10
first_item_drop,20
first_item_drop,1
first_item_drop,3
first_item_drop,23
first_item_drop,1
first_item_drop,2
first_item_drop,5
first_item_drop,18
first_item_drop,10
first_item_drop,17
first_item_drop,2
first_item_drop,5
first_item_drop,3
first_item_drop,3
first_item_drop,2
first_item_drop,2
first_item_drop,2
first_item_drop,9
first_item_drop,2
first_item_drop,4
first_item_drop,24
first_item_drop,2
first_item_drop,1
first_item_drop,3
first_item_drop,8
first_item_drop,14
first_item_drop,13
first_item_drop,6
first_item_drop,62
first_item_drop,4
first_item_drop,4
first_item_drop,27
first_item_drop,4
first_item_drop,3
first_item_drop,3
first_item_drop,0
first_item_drop,3
first_item_drop,12
first_item_drop,8
first_item_drop,4
first_item_drop,19
first_item_drop,5
first_item_drop,8
first_item_drop,2
first_item_drop,5
first_item_drop,13
first_item_drop,4
first_item_drop,7
first_item_drop,13
first_item_drop,20
first_item_drop,9
first_item_drop,1
first_item_drop,16
first_item_drop,26
first_item_drop,7
first_item_drop,9
first_item_drop,3
first_item_drop,12
first_item_drop,2
first_item_drop,10
first_item_drop,12
first_item_drop,2
first_item_drop,43
first_item_drop,3
first_item_drop,18
first_item_drop,24
first_item_drop,3
first_item_drop,2
first_item_drop,24
first_item_drop,1
first_item_drop,10
first_item_drop,0
first_item_drop,19
first_item_drop,6
first_item_drop,14
first_item_drop,3
first_item_drop,2
first_item_drop,2
first_item_drop,4
first_item_drop,6
first_item_drop,7
first_item_drop,1
first_item_drop,8
first_item_drop,7
first_item_drop,2
first_item_drop,5
first_item_drop,3
first_item_drop,22
first_item_drop,8
first_item_drop,3
first_item_drop,1
first_item_drop,18
first_item_drop,25
first_item_drop,10
first_item_drop,16
first_item_drop,1
first_item_drop,6
first_item_drop,14
first_item_drop,3
first_item_drop,12
first_item_drop,6
first_item_drop,10
first_item_drop,12
first_item_drop,7
first_item_drop,4
first_item_drop,6
first_item_drop,1
first_item_drop,7
first_item_drop,2
first_item_drop,4
first_item_drop,1
first_item_drop,7
first_item_drop,0
first_item_drop,14
first_item_drop,5
first_item_drop,4
first_item_drop,28
first_item_drop,2
first_item_drop,7
first_item_drop,11
first_item_drop,11
first_item_drop,1
first_item_drop,2
